loan_amount,repayment_rate,default_history,income_level,credit_score,repayment_probability
49127,0.695438109035625,4,82098,598,1
9873,0.6144891222688658,2,77629,789,0
39822,0.6805394478983836,4,82688,777,0
33250,0.773090173129731,3,62635,752,1
25380,0.638373313962398,3,96781,787,0
27984,0.5333879653295208,2,75015,567,1
33753,0.8569085831434532,0,26085,546,1
42881,0.5026485857491171,3,72429,770,1
25205,0.6046493410040104,4,41448,541,1
7828,0.8095952513782553,3,93674,586,0
49943,0.8970658295249072,1,82111,497,1
3415,0.507983638904222,3,55571,440,0
5121,0.5633402399650724,0,25209,614,1
30990,0.7773931106526941,2,70079,661,1
34764,0.541658084039708,3,90717,703,1
1026,0.7556516963361964,1,80919,512,1
2115,0.9565382086126687,1,60210,791,1
10401,0.9249595700112241,1,73358,381,0
12250,0.5613887819551454,1,27697,305,1
38884,0.9356484311615296,1,55162,375,1
34598,0.9317260309734441,0,62784,350,1
14420,0.905920970522385,0,80917,726,1
23378,0.700707900611508,4,32997,429,1
45171,0.6624108734107422,1,23704,729,1
22324,0.525128721103095,0,28739,463,1
44955,0.5697209008978519,3,36786,360,0
29021,0.7015051418085182,1,71919,516,1
35450,0.677670005738342,3,74413,713,1
32853,0.976878416679849,0,58397,619,1
17440,0.6570200391648728,1,22077,685,0
42767,0.647333543600494,3,69325,686,1
22119,0.7845630140083184,0,43086,587,1
42314,0.6924553302375354,4,87148,321,1
3977,0.6826047252197405,2,91842,812,1
41458,0.8567440326882556,2,61799,557,1
17727,0.881725862918366,3,35318,460,1
39413,0.5087343177622554,1,61993,394,0
37577,0.575098620584361,2,57941,577,1
30220,0.8427664665828785,2,24988,747,1
43120,0.9473225894733159,0,44228,397,1
42918,0.8298790837813605,4,87678,802,0
35255,0.8922494153051399,1,49347,764,0
15748,0.6252733356450675,0,28118,673,0
24280,0.673643802406189,2,84864,609,1
6979,0.5473540014162241,1,20036,395,1
3890,0.9506506793039453,4,20904,721,0
45233,0.7204544579986948,1,54683,391,1
18745,0.6561285905907792,0,64322,413,1
18849,0.7187240719796953,3,31279,685,1
10034,0.7233622306543313,0,29329,410,1
28770,0.6354682075413269,2,36454,695,0
12018,0.5874258475490559,1,61559,620,1
34263,0.9092074999588482,2,99514,712,1
48230,0.5344772601447961,3,55791,680,1
19805,0.5521638899501844,4,98094,448,1
36402,0.9860451400713599,2,57492,706,1
40572,0.8278976964293057,4,63631,482,0
31249,0.9939734064271638,1,66665,787,1
31598,0.7419303856509079,3,45194,601,1
46327,0.8869257095393878,1,75214,438,1
14101,0.9595066160520132,4,41101,507,0
20079,0.8199929956694818,2,62786,679,1
4594,0.7683001606478317,0,21041,695,1
23864,0.8469989577512089,3,62347,533,1
49708,0.5386902554282094,0,60111,479,1
33960,0.8330218775899478,2,88718,329,1
43618,0.744792866937996,4,42289,482,0
32486,0.6940368602945322,4,37089,701,1
11254,0.6240339097483738,3,69306,566,1
33301,0.6166704874371778,0,78890,390,0
19470,0.6973312793402614,2,96964,442,1
2860,0.7143093500795665,4,99507,640,0
17571,0.9579455541044815,1,34394,784,1
29265,0.6570220738472985,1,42695,379,1
42361,0.6224923000088229,2,37341,811,1
40665,0.6915275054635754,3,80818,447,1
2420,0.6824477031011335,0,51977,335,1
10587,0.7350531813291552,0,86391,748,1
22267,0.9652615577264311,4,54492,466,1
28176,0.953448159593045,2,93511,806,0
12388,0.5459746770426938,0,52112,498,1
41128,0.9306464802121488,3,81865,361,0
15611,0.8738715374954569,2,47436,832,1
29770,0.6528484966828565,1,56440,467,1
34137,0.7563381755490284,1,27824,336,1
13109,0.5691649340408189,0,32989,518,1
25879,0.5763994920723173,3,39473,814,1
4223,0.5031502454800967,1,29270,428,1
7867,0.7365018064914365,2,77400,716,1
25600,0.9193494650513412,4,83926,430,1
25227,0.6234158588483538,1,26550,362,1
15938,0.7055928537155094,2,78202,362,1
31985,0.680707412938725,1,54415,310,1
25504,0.5831018765890649,0,27267,830,1
24031,0.5322345372045575,4,79344,497,1
32484,0.7688398159144445,3,82894,429,0
35251,0.9918922192212234,2,59013,349,0
15487,0.5748636526996644,0,61226,645,1
3645,0.5672205339018812,3,99847,565,1
29468,0.9240028573867589,3,43591,465,1
44157,0.8894369374798445,1,25446,647,1
16176,0.820071815651779,0,80941,603,1
6479,0.5187051788932161,2,43343,396,0
29621,0.7497007169620566,4,47474,836,1
1478,0.9599425756184461,0,62323,576,1
30251,0.9812540781257526,1,84047,717,1
43071,0.5100799776972247,1,30927,597,1
25798,0.8086452093380578,1,46876,803,0
41328,0.8886638061704455,1,95276,827,1
41467,0.6688027007686488,0,52652,461,1
44323,0.6811762359702278,1,99009,582,1
48242,0.7168337359854321,3,51606,640,1
7836,0.8734840375740436,2,74508,801,0
30260,0.5487968383486184,4,73127,489,0
24165,0.7331019489747519,3,71484,499,0
19779,0.636100599799039,4,90206,491,1
40921,0.6007253057088207,4,25800,326,0
7843,0.9740054800923503,0,74449,692,1
40749,0.903230137215275,2,59672,457,1
33793,0.8156956222071586,1,25313,703,1
19829,0.7468268185721272,4,68635,629,0
7882,0.5647811349632623,4,20373,402,1
21104,0.5673113407008978,3,87771,348,0
43611,0.9049558609668843,1,44418,450,1
44313,0.6204975844466911,1,86911,353,1
19919,0.7224125723095405,2,97682,374,1
11011,0.8097652691489856,1,60875,462,1
9298,0.5412223123684294,4,81908,540,0
6083,0.5457847551570394,4,61563,386,0
28349,0.836617668155391,0,57131,674,1
47445,0.5358738642251815,0,82521,334,0
39552,0.6928377379675099,0,45739,308,0
25386,0.5242914622737143,2,83999,474,1
30427,0.9813406363336439,3,33089,591,0
28046,0.510615779577686,1,48333,462,1
17264,0.7709738164623294,0,20462,593,1
44092,0.9746651503689567,1,82635,800,0
33794,0.8248292794850856,2,26359,375,1
39382,0.6484176682745457,3,65385,755,1
15885,0.5567060420388139,3,39525,439,0
7032,0.6054363638940649,3,53557,797,1
7756,0.851017305739395,4,33788,430,1
42490,0.8107539649383839,1,99612,692,1
36162,0.642218791932962,4,39911,758,1
31386,0.9150755023088859,0,73302,633,1
43781,0.7463698320943525,4,24353,555,1
46985,0.9175551501696634,1,57213,348,1
6840,0.9248255917879796,0,96737,797,0
45184,0.795584048860051,2,28320,347,0
43284,0.5775558770958137,3,99290,320,0
49142,0.8442195948677149,0,80301,560,1
12610,0.8257238974065632,1,77094,531,0
31143,0.9134734071497013,4,63368,667,1
3206,0.9342053385934402,4,40159,627,1
35123,0.6198084638258659,2,22922,385,1
44210,0.8894895811612038,0,57775,336,0
20205,0.9433236297799795,4,46650,311,1
25853,0.8719003717200848,2,24152,342,1
17294,0.8835983922267419,3,40586,557,1
13166,0.5355657200682682,2,49313,414,1
9654,0.8046475064065859,2,67431,689,1
27122,0.762522457716829,2,54716,745,0
4384,0.9087375728881273,2,43003,630,1
10111,0.5173056271613095,2,20703,433,0
30280,0.5659954660191762,4,61392,322,1
22178,0.7903999430263837,3,34845,630,1
16842,0.7517135473306594,4,58957,773,1
21842,0.7560122949170862,1,85049,681,1
35217,0.5206099474644282,1,90596,524,1
28977,0.9472462472492642,4,44376,572,1
42041,0.5064372393030973,1,82011,756,1
47944,0.8092245973955148,3,29105,410,1
15621,0.502457996062312,2,93566,496,0
17429,0.7599732714508786,3,54184,655,1
1156,0.7398639067611983,4,35974,688,1
29003,0.6271989621242501,2,29668,507,1
47167,0.7956428196052725,4,96191,833,1
2167,0.7858980959230863,2,59088,400,1
4865,0.5865746194066885,0,69236,528,1
41871,0.525447721156762,2,57229,373,0
1361,0.5284742522199508,3,74353,425,1
10459,0.7679917493473438,1,49652,671,0
18816,0.9848378604161885,1,64752,443,0
19998,0.9883452855839052,4,67582,503,1
43214,0.9920911931167693,4,77414,304,0
20651,0.9140179533745674,2,99480,798,1
9737,0.5171931181961755,4,50933,395,1
44521,0.842853226517456,4,32091,796,1
2891,0.5092374803836524,0,95578,524,1
31088,0.7928120617477795,1,23822,391,1
23377,0.5827362433586061,4,76265,836,1
26306,0.7281629115707433,0,41663,747,0
42940,0.6597229145725028,1,67290,387,1
12179,0.7879515987706227,4,88065,373,1
10368,0.9741459957127043,3,86126,812,1
20557,0.8902315628090478,3,99451,720,1
26996,0.8056023883462438,3,53905,522,1
31628,0.905768543598419,3,51724,394,0
10607,0.8919422599531022,0,44955,749,1
9070,0.7437688861697529,0,34978,572,1
30223,0.9543724300047709,2,97830,483,1
8844,0.8962552143274298,4,42599,718,1
16703,0.6424324268823972,2,95766,729,1
20156,0.6845159254495019,2,30529,829,1
42247,0.5021627661102166,3,44866,336,0
32382,0.9096707674872822,2,40836,376,1
48654,0.6352494935114087,3,87439,657,0
8724,0.5666922415366619,3,54233,745,1
39736,0.5382120380052853,1,42829,318,0
45243,0.8619520913209517,3,75149,692,1
44519,0.6038564238589745,4,75678,384,0
23283,0.729473375507594,2,46802,618,1
16734,0.8081027919977521,4,31719,359,1
11191,0.5335757408937851,3,43245,335,1
5580,0.9296571919308549,4,52807,621,1
1431,0.7666399301781426,2,29233,311,0
29496,0.7655067100609301,1,39765,484,1
24305,0.9442572299918086,1,76555,649,1
35657,0.7525097328668696,0,65394,795,1
31390,0.8863853826212563,4,65016,435,1
19214,0.777251012979647,4,24967,466,1
20476,0.996641341187108,4,29099,710,0
26757,0.9543079260173746,1,27376,708,1
44370,0.5516001895091617,2,42234,331,0
25977,0.620854794189972,0,33171,594,1
49532,0.6681163489362804,3,61790,767,1
7112,0.8231518961483087,2,42801,375,1
45664,0.5383740528028371,0,93196,418,1
40487,0.6351157896815387,3,22829,367,1
48750,0.9442453866939993,3,47470,570,1
34068,0.7996172404058992,1,71999,761,1
8455,0.5987783802452653,0,75311,839,1
22622,0.6880106834599693,3,51524,604,1
48414,0.7375198233105407,0,43133,809,1
12700,0.5059513447899258,2,45812,804,1
44328,0.6389885243385292,0,35593,394,0
44986,0.5258825725832652,4,48669,812,1
8098,0.9504983188493485,1,45778,690,1
33344,0.8905088767598817,2,85284,765,0
28271,0.8574194509655819,0,52466,735,1
47752,0.8347190972771451,2,98159,678,0
44035,0.9694263332330697,3,31474,599,0
2876,0.8483887426223463,0,38764,569,0
41965,0.9754456465658689,4,92428,376,1
25179,0.8449417199898113,4,74317,358,1
9015,0.756273748293127,2,76100,833,1
21008,0.8145521205687412,0,95834,404,0
21800,0.6226850664975274,3,24472,777,1
17808,0.7989523004989592,0,22982,313,0
30902,0.5331598736142621,0,42364,473,0
13232,0.8320508982852949,4,41207,768,0
20286,0.6689716574789919,1,90733,763,1
37755,0.6486473245675405,0,97132,560,1
31802,0.9138069731405863,2,75372,492,1
22479,0.9983734833473119,1,59488,743,1
6467,0.8053954081837044,2,20036,702,1
48817,0.6000056194308457,3,96479,558,1
19624,0.7066734722078992,2,84101,836,0
30941,0.89630529227374,3,98981,630,1
39537,0.8667870195816197,2,85865,803,1
4765,0.7986199201265267,1,46691,561,1
18485,0.6085767840844496,3,67344,351,1
15475,0.6789749319081471,3,40172,627,0
22506,0.5334275086718864,1,96375,347,1
19748,0.7033048016838295,0,65822,523,1
48072,0.7784543947513607,3,27353,452,1
10597,0.7066544587051684,3,65040,785,1
27001,0.7810403225395226,3,69681,426,1
14277,0.8307895302141801,3,95975,590,0
1337,0.8625171186270681,0,90629,577,1
14529,0.6657088732938324,2,65133,753,0
44881,0.8599894245064459,3,62682,799,1
43577,0.9048704190929548,2,20548,751,0
35140,0.6714384872503016,1,57968,496,1
25229,0.5567884286741942,1,50532,608,0
19152,0.6128850663490353,0,98579,423,1
40318,0.8175074348974691,0,59411,571,0
8239,0.5565455126690264,2,21981,326,1
17300,0.7071970004423583,2,84338,507,1
46211,0.6584625192760426,2,43958,731,0
37563,0.5465422270191529,0,51038,488,1
6612,0.5525141432893796,0,40999,798,1
6345,0.8513243687410446,2,22022,636,1
25974,0.9950429895722979,4,35542,303,0
46990,0.8416679760575108,4,27069,763,1
14430,0.7895366793443396,3,69912,640,0
29491,0.8417173006621936,3,33984,644,1
11368,0.6260012886706734,0,59081,663,1
36959,0.979192482524194,3,94033,677,0
8753,0.6953892239246118,3,97264,676,1
26117,0.986300773236102,1,99853,789,1
27197,0.9122553809587737,0,66793,474,0
21570,0.8979556546433767,1,98016,391,0
41537,0.8445584082120545,1,30461,368,1
12513,0.852159078195212,4,75975,742,1
3214,0.9612247418614758,2,54753,609,1
9401,0.5847772415875331,0,73724,565,0
46444,0.8209549790879016,3,93368,598,1
38797,0.6896579397897462,1,74618,540,0
4694,0.5524670251107389,2,27691,525,1
1217,0.7069669140640553,0,72112,468,0
27704,0.5463374113327699,0,81438,443,1
45395,0.8616973609366889,1,98813,529,0
33083,0.5220231913053466,1,85446,649,0
10113,0.7256426522770214,2,75877,699,1
23179,0.7982962162002083,0,28166,713,0
29285,0.834780629346928,2,32751,436,1
23625,0.9352198391272829,1,62799,844,1
27239,0.7969756277034201,1,74032,498,1
42734,0.8243522618366123,0,51682,838,1
9268,0.963620928523611,3,27013,375,0
41014,0.5809051164912932,3,44801,435,1
5663,0.7675274515155432,4,36655,785,0
33172,0.8387177365740324,0,29101,468,1
22551,0.7373438697376581,0,48170,634,0
11479,0.7851283582020444,3,50985,664,1
1951,0.5459097854059718,2,23772,559,1
48819,0.5349130768754692,0,61132,713,1
44149,0.840150396355703,4,21213,485,1
1264,0.5047116515752457,3,38324,589,0
32012,0.5046563200482092,1,37446,420,1
27276,0.8086798421574389,2,37127,328,1
44826,0.5910489026331587,0,92420,733,0
15659,0.853052229525366,0,85057,555,1
18701,0.847989925693704,0,77676,574,1
3398,0.8780929676985505,0,97789,677,1
13333,0.9783522911460976,4,49641,669,1
36486,0.8664709329775218,0,98797,404,0
21684,0.537794060334134,2,33564,402,1
47967,0.5395722799565539,0,57123,692,0
35419,0.9357774960839644,0,65858,313,0
45269,0.8239982964064632,1,44439,581,0
43308,0.8993815123256486,4,68852,382,1
18725,0.8367095100480559,2,69092,812,1
17844,0.7103269830472534,4,81638,492,1
24971,0.5988227945745046,3,85923,394,0
49729,0.7106243990073612,3,61474,536,1
23491,0.743375232749939,0,64766,702,1
30887,0.7526397033614433,2,28998,750,1
7942,0.5571294981815405,2,77814,442,1
18209,0.662734102277941,4,48162,584,1
28882,0.6271194111198558,0,98965,543,1
19956,0.7353561206799051,2,34013,393,1
24140,0.7148067674350422,0,89680,794,0
31262,0.5550568682457486,4,24548,599,1
9467,0.6529769305655971,2,86968,745,1
21442,0.6055561696899144,3,70970,609,1
11129,0.7034770371876853,2,32220,767,1
23144,0.700028851912647,3,51764,511,0
17646,0.7750338186105751,3,98124,761,0
47076,0.8626261726114433,4,25891,404,1
11200,0.6742309629720653,3,26169,754,1
33624,0.5280525866313182,2,51165,565,1
32116,0.8598362881186403,4,63106,824,0
27468,0.8594266800653749,4,56701,599,1
48932,0.8207442901068404,2,59029,810,0
34235,0.6301390743586435,1,95142,310,1
25847,0.8273488032056441,1,26930,635,1
41621,0.6894239958522163,4,20401,494,1
21178,0.7750024375657047,2,73100,725,1
11561,0.6989126814516428,2,68911,374,1
20390,0.8456701751935046,4,28108,431,1
11647,0.5229760598740214,2,71475,737,1
37212,0.8821436020212918,0,70367,700,1
26971,0.5500723107062284,4,66505,709,1
2907,0.7251019717561727,0,66871,404,1
26476,0.5338463504988987,2,70907,746,0
4580,0.8110575111984728,1,92477,662,1
8552,0.6961486432396616,1,81677,623,1
37721,0.5972199328583077,4,29749,781,1
45829,0.6580337395927196,1,35300,766,0
38202,0.7602641836468788,0,67812,407,0
26456,0.6807699326830525,2,99354,840,1
7330,0.6360461532124014,1,91860,328,1
16356,0.654480563867381,2,63762,598,1
10406,0.995612331208883,1,95665,519,0
21850,0.7374421347114318,4,48889,554,1
4283,0.9767033579528928,2,27225,373,1
45914,0.9315575043302133,0,58187,655,0
32238,0.5287303693760876,2,20169,634,1
47780,0.515625129399202,4,71528,601,0
49676,0.9164483692960141,3,72879,500,1
29420,0.8516339432831201,1,54076,641,1
23146,0.5189924142010693,0,23112,598,0
3996,0.7649227045977824,4,62164,652,1
7269,0.8547077933041741,0,22930,467,1
41272,0.6290306205982044,1,86292,828,0
16771,0.6854763450693475,2,32608,839,1
13196,0.8296886727868704,0,32091,390,1
30603,0.6912534686459929,2,32394,615,1
24379,0.6013266214935593,2,67398,613,1
26114,0.9996745167827102,1,65904,552,0
19784,0.5849216432747136,0,34497,495,1
36759,0.5758383480138202,3,52246,412,1
5769,0.7097550392812344,2,81375,576,1
5302,0.9943762618722081,1,45923,455,1
7908,0.6603232700585597,0,22692,418,0
8840,0.7159324013599211,2,97032,609,1
28429,0.8980211631634163,1,65967,522,1
1314,0.7706727197901587,2,85805,391,1
31507,0.9260374170854404,0,73342,386,0
19468,0.9838608069759591,3,53799,616,1
24574,0.8445038645330001,0,20879,474,0
8851,0.8047342312556237,3,55957,724,1
28228,0.9631751609733301,1,93714,748,0
10900,0.8326232574648771,1,25003,716,1
40966,0.8864447277045905,3,82856,812,1
15121,0.669002758805462,4,86946,551,0
27004,0.5995716981563408,0,28617,444,1
3480,0.8172925521309767,2,21745,714,0
46824,0.7902871344218596,1,50493,349,1
15381,0.8816070162907952,1,31915,483,1
28889,0.6697022051810312,1,80998,726,1
31039,0.7096796449137143,3,20370,849,0
4566,0.7013650643007849,3,66472,650,0
46487,0.9278089014754884,1,40195,784,0
20835,0.9181020682946863,0,81557,726,1
49910,0.5530147931160574,2,78831,624,1
36914,0.5432714194215724,1,50076,367,1
46472,0.5135960809180242,4,71279,466,1
11003,0.8009651557504625,4,95957,759,1
30020,0.962320443306417,1,78773,534,1
47134,0.6310112519384099,1,58924,484,0
14308,0.9633498656924931,1,34801,805,1
11054,0.6710634080041881,4,56423,597,1
40014,0.8811707505005235,4,84774,624,1
30740,0.994886550275317,4,26343,391,1
22904,0.964222066641366,1,85892,387,1
38836,0.9829624297469746,4,78471,833,0
7210,0.6553189220448346,1,40296,587,1
1816,0.8142742943207264,1,79235,663,1
35145,0.9993452914032929,0,42150,369,1
10641,0.8146454095628555,2,74272,734,1
46002,0.7057706074736299,1,63562,365,1
3543,0.7122079546088931,4,55906,817,1
37233,0.618970145249005,3,72506,802,0
3273,0.6201785734018628,1,22431,849,1
7865,0.513907534297205,4,56098,715,1
4316,0.971535998565396,0,26912,628,0
30115,0.5065352907983495,3,64247,730,0
44039,0.6596777068899058,1,39196,667,1
38132,0.5381723110455061,3,50944,684,1
18358,0.8282455395735587,0,31014,708,1
25862,0.6952551074699302,3,24209,759,1
21997,0.766883547697955,1,33994,813,1
2258,0.7202741303420126,3,65130,663,0
26858,0.8842536323297961,4,83324,565,1
35932,0.8008548928950705,2,25951,505,0
48181,0.7722021882726268,0,65262,499,1
47347,0.5695620438438957,1,29456,532,0
47497,0.9199383417030105,0,22512,404,1
20916,0.6740883173496297,2,74690,528,1
46570,0.8959444923612161,1,26962,359,0
17370,0.739322544997558,1,69133,600,1
24690,0.9736178966515147,2,57133,616,0
28561,0.8610935584195144,0,43715,512,0
44458,0.6335661323998882,4,42734,584,1
47761,0.9215695677926083,1,29750,347,0
49971,0.800532263687399,0,76881,592,1
31352,0.9247919156493034,4,73976,626,1
24979,0.713188375493099,0,76739,576,1
5879,0.5702379925780394,3,22822,686,1
28112,0.9826709838904992,2,94945,555,1
28073,0.7474377908757266,3,58759,745,1
31322,0.720843487777313,4,54191,778,0
46825,0.6988750073488548,0,53603,745,1
46961,0.8422932560358658,4,27776,452,0
26552,0.7839824472780239,4,98550,305,1
32241,0.5371198516950083,4,28572,513,0
20949,0.6341882361748159,3,33539,452,1
31690,0.5739219962812812,2,74110,423,1
21951,0.5033888015102777,2,43236,687,1
10296,0.9515241187686685,4,48792,660,0
23173,0.838497499891367,2,51544,715,1
7362,0.5421443720669912,2,20756,810,1
28522,0.6194498025609667,0,65432,793,1
28220,0.74871597007568,1,37023,770,1
21143,0.9402487300612179,4,37096,341,1
35851,0.8665931849059698,4,77263,490,1
28868,0.6060205268611113,3,28333,549,1
24360,0.5587880073368086,2,45132,684,1
29144,0.9410849450677585,4,45380,646,0
14097,0.8479952647250213,0,73411,498,1
42366,0.8733568514344969,2,46954,419,0
14890,0.5786391226255403,1,25120,752,1
31270,0.5711909640787545,4,56377,620,1
48402,0.5414610924748957,2,86041,513,0
25994,0.8152990467115997,4,90616,312,1
24679,0.9065074723857525,4,94287,398,1
35404,0.7210180755295919,2,59180,823,1
19127,0.7472598004386097,0,69068,603,1
21200,0.5255561943924847,0,92903,507,0
44533,0.8051918684948496,2,33691,484,1
37366,0.6188660289183667,0,53863,807,1
13958,0.8421924551839567,0,58249,454,0
24315,0.5819412716926426,2,43870,678,1
15998,0.567950088460113,4,67620,426,1
3807,0.6947236405525388,0,80523,618,1
15443,0.7402346967311109,0,64422,733,0
7747,0.7439988831862056,4,71026,746,0
4283,0.8285420246794546,1,67597,316,1
41665,0.6362036184654758,1,43146,423,1
40618,0.520601171605017,0,57743,757,0
40948,0.9727463759186181,3,59995,766,0
44768,0.6831702791209556,4,32888,400,0
13833,0.8857444822828493,1,24421,582,1
41660,0.7791384050621482,0,34143,659,1
19618,0.8462941994480777,0,89707,648,1
18364,0.8754526748991939,3,67190,710,1
21313,0.5550649167750471,3,29682,750,0
45280,0.7280864011930098,1,54621,735,1
40712,0.5999399277861981,2,78332,609,1
16310,0.5495648158178754,4,58651,585,1
12715,0.8044920393002333,0,96739,741,1
5966,0.9321453615862225,3,57944,587,0
27278,0.7829231445598208,1,85174,816,0
11927,0.7501489210607524,3,72013,498,1
10449,0.8204229528870453,4,28299,802,1
43338,0.9784583122844928,3,59262,598,1
19838,0.7961582539299477,0,39776,690,1
40002,0.9804274787042193,2,89359,596,1
49371,0.5001813597375695,3,98559,470,1
45773,0.5987201630607382,3,54641,478,1
17563,0.735071630083624,1,50155,469,1
12765,0.9702894453098148,4,26975,447,1
32549,0.6733082210437453,3,30132,631,1
7239,0.5357214223634477,3,27225,364,0
15633,0.9895796449337595,2,77578,828,1
11899,0.6093659847016129,2,86047,482,0
36434,0.7452483132472124,2,32776,756,0
20115,0.6105138785951161,4,85087,613,1
12944,0.5987643608010025,1,74661,556,1
3981,0.9855160797780923,2,43780,381,1
20810,0.6775782533598358,2,41833,767,0
45354,0.5474895334500944,0,53280,646,0
25651,0.5665011510856593,2,63642,566,1
33056,0.5782462943022265,3,52067,828,1
13605,0.5955802973395952,4,36640,450,0
36644,0.5497364729131162,1,22778,352,1
30922,0.8260568907052123,2,65639,545,1
48492,0.733856708271337,1,59478,391,1
38811,0.7816670369746006,0,66714,505,0
15688,0.7445306797776241,3,64867,425,1
40652,0.7382172106556129,0,75457,811,1
16362,0.9370016405567847,0,29494,618,0
4255,0.524459807209799,0,27657,340,0
18637,0.6527233527324718,3,39930,825,1
14230,0.7056441378568679,3,72572,728,1
46162,0.6205113310741868,4,63154,780,1
47818,0.9429216389918764,0,63800,632,1
40439,0.9772692651621648,1,71812,590,1
49375,0.7810525356865965,2,24604,440,0
8911,0.8575957610262588,4,75680,671,1
16347,0.6607480336256535,2,22587,418,0
20255,0.5488704749775888,1,63182,316,0
21868,0.5996833112014669,2,22998,380,1
22425,0.7051705833924724,3,99380,440,1
19961,0.8012759854891673,3,99752,815,1
19085,0.6990494959830811,4,72445,411,0
46031,0.5105817548544005,4,94772,766,0
16895,0.5276957825788335,4,59022,712,1
32402,0.833716352132573,2,94463,539,0
44197,0.9513480146786124,0,49718,550,1
39235,0.71276941706364,0,56877,722,0
8305,0.7108565529886159,0,79616,399,1
16543,0.9455345671551788,4,24335,442,1
47650,0.6653275360744644,4,66101,730,1
42481,0.8899838265694253,4,57622,696,1
44918,0.698381575624301,0,63425,596,1
49022,0.8313193947493276,0,59818,433,0
8923,0.561243912077025,3,86562,745,1
16779,0.7098740199571837,3,41411,617,1
23751,0.9266388121551068,4,40014,459,1
3976,0.5352888446523939,4,88089,310,1
33748,0.7104843786176523,0,47293,328,0
30723,0.9523389446631007,0,45620,397,0
42735,0.978708832964807,3,41436,653,1
11457,0.6905698320936248,3,51561,638,0
37705,0.7937070263752717,2,72954,646,1
11127,0.957982437668282,1,42115,567,0
46271,0.5332703268406339,4,30995,360,1
1951,0.7527071702288956,4,34132,632,1
37176,0.9079752409234081,2,32310,435,0
25646,0.6530789557651361,3,91054,417,1
13174,0.8503861313623363,2,97120,532,1
48537,0.7974009914196776,3,20277,313,1
33404,0.5846284361926104,0,64265,492,1
47432,0.5728636439826978,0,81283,506,1
47343,0.6773127478351781,0,49308,428,0
36003,0.7523642728074886,4,87082,483,1
48349,0.8642971949408773,0,35557,602,1
20855,0.8407844025549158,0,71586,435,1
5159,0.5094007375342975,2,73657,749,1
23190,0.7559827142255611,2,85158,639,1
8836,0.7718405330665943,4,57797,595,1
30185,0.5541036544753049,3,72262,507,1
8581,0.9808671127584618,0,59748,325,1
46899,0.6112864303333686,0,87455,307,1
13088,0.8122007140085648,1,36901,559,0
28677,0.7188292327860528,1,72004,684,0
7253,0.7545826677695295,1,96197,665,1
6264,0.5168780066355569,4,84473,643,1
19390,0.5619411035231346,4,91359,742,1
46471,0.934269913331766,4,96844,417,1
36442,0.6985325305899455,3,55971,833,0
31790,0.5784582605743891,2,30029,566,1
43044,0.7709591879937324,1,93681,305,1
28402,0.8295087798294345,4,89621,391,0
14151,0.6270783038980661,4,79515,732,0
1559,0.7610504188956356,0,78760,366,1
17495,0.7928875980195532,3,73719,642,1
20988,0.812182550130305,4,36593,389,0
17999,0.7985129347764715,2,56048,574,0
28187,0.5953492973939767,4,54875,461,1
30677,0.5943898409419306,4,51322,755,1
49263,0.8985170141159639,2,64096,692,1
41560,0.9821304833395741,3,94693,311,1
30533,0.9304337692622215,1,72019,718,1
35888,0.9292337157722543,2,92111,731,1
36325,0.5579442704366955,0,45357,782,0
32106,0.5210502417986626,3,73433,395,0
43657,0.7665300459888247,4,94299,637,1
40071,0.6856408991823196,0,57765,777,1
45179,0.7907814101970241,4,65943,698,1
11675,0.9575108890325998,2,91519,468,1
14409,0.8074650207288319,0,51994,409,1
6706,0.6933628304731912,3,36052,579,0
3798,0.5633622643509957,0,55820,672,1
25841,0.6573593374515938,3,65559,550,1
42123,0.7279495403118224,2,76780,675,0
30852,0.5414124783929697,4,38984,693,0
3809,0.6387369303177082,4,28293,640,0
10424,0.9112820930080201,1,21507,318,0
44457,0.5782316129362315,4,38605,548,0
30950,0.5514889309913341,3,96075,397,1
20162,0.6052993478710238,3,40281,385,1
23106,0.5559733469153372,0,81667,304,1
40834,0.7519895504932187,1,73660,688,1
40733,0.9618328750995039,1,25331,304,0
11051,0.9263064941100753,1,43404,604,1
46574,0.8058837857339296,4,27368,481,0
29573,0.5156450004472777,3,61946,678,0
28874,0.8301705345746636,2,97276,799,1
47068,0.543837509781971,3,44303,509,1
46256,0.6993953004193264,2,79690,451,1
10872,0.73265572720434,0,43262,354,1
22750,0.9253240912847862,2,69942,321,1
18723,0.6778736263901286,2,86351,389,0
33758,0.5840813740982989,1,73105,509,1
8911,0.8744592971376415,2,83839,654,1
31499,0.9306230376598055,0,49137,420,1
38567,0.685234319728871,2,55668,378,1
49926,0.5848719045969408,1,99062,736,0
41725,0.8010752204384834,0,73828,745,1
49060,0.9295029976753408,2,83921,310,1
12438,0.9533742943895147,0,71429,723,1
24559,0.8663109461273528,4,76897,577,1
7087,0.5949359851885545,4,80124,461,1
18769,0.7778839190218069,1,91247,693,0
33774,0.6152907536250984,0,79553,530,0
18162,0.7817286957616478,1,29471,398,1
30762,0.7285315272521913,2,30132,333,0
15921,0.7384811321035842,4,48652,487,1
11929,0.8518890744097881,1,72967,570,0
46519,0.7598912835707021,2,76148,755,1
5908,0.7334153492367139,2,91767,401,1
13067,0.9108055928254929,3,60724,516,0
28968,0.7738712084710861,2,57770,783,1
38021,0.5176025355087621,0,26392,501,1
48896,0.7812656101932107,3,47011,713,0
28883,0.7237636979777342,1,48691,566,0
37734,0.6907667780062425,4,57646,393,1
39963,0.5388029729682466,4,54702,331,1
46529,0.9302250438377018,4,88530,682,0
44483,0.7780659877803701,3,61380,825,1
6757,0.7730839695996201,2,29007,751,1
24281,0.6235782485307859,3,62806,800,1
3535,0.5180341516215101,0,38853,607,0
20030,0.6267982575540754,3,87932,387,1
3270,0.9072164049996155,2,46772,428,0
21707,0.5047340379461496,4,63599,659,1
44695,0.9106966919040138,2,35067,429,1
26861,0.9616968150576994,3,67184,744,0
2476,0.557219175558777,1,56401,483,1
12001,0.7007275106310733,4,86375,832,1
25223,0.7108465983944554,4,57120,560,1
34397,0.57731334195715,3,63694,403,0
14466,0.7412575291884969,1,40697,558,0
35365,0.8164478163572906,2,21242,836,1
19290,0.979228281438242,2,25491,344,1
21681,0.9866713396422433,4,62678,707,1
42404,0.7009615269588525,4,85759,496,1
47832,0.9179918174245535,3,21462,404,0
33674,0.7610832139046902,4,94147,642,1
31808,0.8472963984578912,1,56232,594,1
17260,0.972778501520883,2,72120,312,1
15799,0.8868765345510052,0,27716,416,1
11573,0.6384400956198224,1,51431,364,1
49874,0.5861519307686821,1,46069,708,1
18453,0.7689561136767211,4,80958,748,0
2859,0.9173387033842422,3,94794,443,0
21613,0.9785744674934123,0,57889,584,1
43566,0.5455023222136808,0,69731,694,1
40409,0.63892748761418,0,52289,578,0
17122,0.9858011635708448,3,24532,810,1
15700,0.8447119859121699,0,53140,685,0
39186,0.9783281960348498,2,85893,498,0
31746,0.9509803071335052,2,84886,374,0
44347,0.8168991256189255,3,79649,475,1
24335,0.7117268165447176,4,56731,730,0
9308,0.7221617784620215,2,72861,820,0
28352,0.8200998831583463,1,31599,502,1
9322,0.9997975903424108,4,27427,625,1
30366,0.9771525692196015,2,90678,568,0
26972,0.7631450225149785,1,31829,630,0
48663,0.8661294652300289,3,79235,443,1
42872,0.9416215278459131,4,46585,611,1
48302,0.9839280921781426,3,89544,392,1
21715,0.6572624761832487,0,63694,414,1
28005,0.6677755940416447,2,24453,685,0
1552,0.6388912039611145,4,57540,682,0
41064,0.8040769374675379,3,48101,609,0
42715,0.5487811298324048,4,93772,494,0
24358,0.5452219128636675,1,43867,747,1
8296,0.8073670212705619,1,30285,301,1
35300,0.6111041175312633,4,29125,489,0
33341,0.704584203528597,1,57749,772,0
33861,0.8677644605485605,0,46139,512,1
16979,0.7329486770799818,2,38182,846,1
1405,0.8817978948241678,4,32936,537,0
26042,0.5314983721984096,1,45548,792,1
29905,0.7173412411662754,2,29358,528,0
39901,0.7310210302001404,4,46514,481,0
5727,0.9763175805531941,1,84807,307,1
8380,0.6590892546530762,3,55213,676,0
49641,0.9849861017806767,0,29890,548,1
23942,0.9032392783103016,2,71871,664,1
16268,0.8435460918551735,0,50814,746,1
40695,0.6607601920423605,2,57143,308,0
4514,0.6676014211286272,2,61046,732,1
20415,0.5600221067459465,1,52252,572,1
32263,0.6192135120447971,3,47286,653,0
26820,0.5790617243165317,0,78684,445,1
27305,0.518552085607167,1,60416,465,1
6577,0.8005605349017204,1,46463,371,0
29698,0.6434990845075284,2,50475,705,0
4516,0.6016098120810032,0,77564,604,1
20010,0.8910213808188743,1,41684,563,1
40466,0.9328343244118678,3,42999,637,1
11177,0.7689512393936235,1,80106,687,0
47628,0.6359925756562015,0,65560,431,0
3269,0.901573296897646,0,70655,440,1
8020,0.9895202958789695,2,46039,312,1
39387,0.8786935844256087,4,51140,545,1
13279,0.5612599293688965,3,37184,464,1
4959,0.9863377613183882,4,23417,483,1
6154,0.8404294763956099,3,63602,342,1
4619,0.6985898976595967,2,51528,498,1
42653,0.5351063545585462,1,90451,658,1
13034,0.965122362954421,0,34451,528,1
21296,0.5117252693400864,2,85989,610,1
26305,0.8445311694168296,4,67586,742,1
45205,0.9044683667467455,0,21033,384,0
33858,0.904435612209694,0,52199,820,1
24801,0.8507131577488405,4,26862,586,0
33224,0.5369213068237226,3,43194,727,1
3671,0.525647774819634,3,34923,701,0
49540,0.7481400140468618,1,21702,419,1
33812,0.7832196258751047,1,98503,476,0
40157,0.8558080667348282,2,47717,485,1
16426,0.6866982431731019,2,65264,546,0
21590,0.6457034952750844,2,67410,684,1
47139,0.8235970592783652,1,24294,590,0
25710,0.9245765005158286,2,58505,760,1
16546,0.6215088615292328,4,38144,517,0
28604,0.7690271878345636,1,58069,634,1
6868,0.9364142758219847,2,78510,314,1
48795,0.7556348388848612,4,33758,457,1
2364,0.7321235665298638,0,54232,807,1
4536,0.8532813643923867,2,60722,629,1
46555,0.5733886180672375,4,94409,598,1
10146,0.7090457425053833,1,65633,513,1
2660,0.7727003525945692,1,30848,549,1
30955,0.7742566180478511,3,92000,624,0
10699,0.7749504756675458,4,85661,730,1
31489,0.8912694141642754,1,37685,465,1
28373,0.8708001816911888,4,23627,835,1
41354,0.8642280314446901,4,21392,397,0
16290,0.9477615990275835,4,51671,431,1
45364,0.6972300542653611,2,69607,387,1
33708,0.7033425391312929,2,34706,326,1
5156,0.5617309766581436,4,84239,549,1
38690,0.6033340359143455,0,71023,313,0
33915,0.6210477834287215,3,65066,370,1
3170,0.6279390116150327,2,90813,645,1
1466,0.8241684375036781,3,84761,515,1
31023,0.9702047211899999,3,29781,334,1
8628,0.5537971190861377,3,56964,697,1
4624,0.5187684745502892,3,76148,581,1
46556,0.8208135744309386,2,27058,742,1
23321,0.8309106421362581,2,24423,703,1
44999,0.7835600879989533,1,87258,659,1
41465,0.9201327808712727,0,56582,735,1
26432,0.9122514204700696,3,35987,534,0
3794,0.8509932292145149,3,28405,454,1
48641,0.653088060368636,0,39482,797,1
25242,0.5404893631195673,4,99556,488,0
33859,0.5751808336018545,2,76059,345,0
48495,0.982971893907346,1,78538,609,0
38073,0.5947890253570236,0,71330,733,1
30093,0.695106868867974,0,80798,476,0
11814,0.7416294557970632,0,50898,441,1
48328,0.9720897329880593,3,98554,827,1
42512,0.6330348574113764,4,27642,457,1
23548,0.6448807622515859,3,67985,818,0
45568,0.9095841023928645,4,31983,847,0
40237,0.5712707543990827,3,95779,549,1
29029,0.9670274277744536,1,35559,640,0
36252,0.6895190356164682,2,31969,411,0
39330,0.7392584948158647,3,97540,613,1
18873,0.65386109823794,0,47464,409,0
43599,0.8747907731298747,2,34775,819,1
1362,0.5101485939332724,4,69124,481,1
30537,0.5640636990484122,2,43713,737,0
42382,0.6375343339675835,3,32115,465,1
30773,0.6678281889150561,3,70829,458,1
46869,0.9672774007695163,4,24060,389,1
4624,0.500666117946466,0,57299,364,0
26868,0.5681125713659237,0,79338,649,1
9065,0.5590490331568008,0,93980,718,1
26326,0.9973999691435846,3,27160,497,1
5739,0.9995081732208759,4,94583,448,0
24568,0.6015878015547718,4,88320,709,1
24127,0.9750184815944741,0,92872,689,0
13935,0.6000203331133085,0,41231,632,0
45367,0.5424241496712422,3,36418,395,0
3811,0.8024162670953578,2,34272,694,0
49638,0.8153580917429368,1,94780,514,1
20977,0.9847485872225944,3,52740,774,1
14427,0.8314245021079965,0,42920,359,1
14145,0.9037160021423953,2,65891,812,1
46011,0.8756185870193277,4,67371,791,1
15153,0.7337915273867395,3,61473,669,1
20737,0.8401767427983244,4,38100,633,1
15306,0.6926957179630848,4,50612,567,0
4207,0.6511171149074364,1,32589,406,0
26579,0.7097327359688286,2,44416,375,0
16968,0.8749487778362492,0,56461,632,0
17033,0.7782340543526076,2,39517,636,1
5098,0.9565352398029972,1,97455,466,0
14205,0.6965873261281039,1,62526,309,0
12285,0.7566824116315186,0,64276,689,1
48898,0.6272102558712056,3,22051,373,1
34028,0.8307193144168582,4,71399,326,1
31720,0.8924936205803963,2,30430,530,1
1684,0.5875386000163685,1,43150,732,1
11676,0.778775855556837,2,65970,543,0
44659,0.8786330933128982,2,45120,409,1
14565,0.9618932300341734,4,60486,397,1
26777,0.985460506194898,4,40131,420,0
18604,0.6377055356074113,2,57962,616,1
14016,0.9288483142754441,0,67445,677,0
16028,0.7567204634676579,1,73975,630,0
42038,0.9928301653684963,3,75979,497,1
28379,0.6896159033897691,0,45291,833,1
5613,0.5080085550990294,3,86947,741,1
39826,0.884595022876735,4,45105,752,0
8466,0.8478508556779925,0,51952,464,1
47353,0.7006321373601669,1,50510,746,1
33752,0.7876409174082556,2,68987,543,0
39818,0.7339697410172727,2,26881,379,1
33933,0.5930382223888342,0,46378,558,0
44171,0.804518597948276,0,25548,695,0
3259,0.8671752114053235,0,27527,353,1
1148,0.8235371464132957,0,25916,551,0
8768,0.5897034810436443,0,66890,751,0
3608,0.6524677145076525,2,60888,544,0
9056,0.7410358093629645,1,47508,311,0
49223,0.6404355881936529,0,81799,817,1
43238,0.8010394373870632,1,75827,804,1
29840,0.9635189310054972,3,81420,634,0
33850,0.8088961521635198,1,41924,625,1
11615,0.7980639422912934,2,91828,833,1
18925,0.5367451701394309,2,27421,582,1
31742,0.6612160842509951,1,22517,505,0
39758,0.7846502024216153,2,45935,750,0
2510,0.7230941502703987,2,54460,375,1
1965,0.5170439348708915,3,78150,766,1
47667,0.5139764404396996,2,20995,515,1
38464,0.8221446866924841,0,62568,389,0
39837,0.631121490578332,2,61020,725,0
49147,0.7967447255996147,4,90301,638,1
44748,0.9370451263180464,0,79721,622,1
36828,0.8926519454937933,0,82701,386,1
33513,0.6468074008336682,2,70822,827,1
15052,0.952141450488958,4,52102,355,1
21794,0.686014958059534,1,40415,628,1
11856,0.5985957023880693,2,60316,847,1
34974,0.6069080820406569,3,95419,733,1
44797,0.9869908818666946,0,29459,474,1
14865,0.8500297287493279,2,61571,719,1
8441,0.8315838911134351,0,54062,813,0
39941,0.9209023875687445,0,57168,609,1
47917,0.936382877232292,4,77451,595,1
27977,0.9367494846812863,2,61591,820,1
49634,0.8453535492699502,3,99299,778,0
11774,0.6646277425469311,0,45545,681,1
19553,0.9394002256021605,2,37369,373,1
23356,0.5982466189614115,2,23913,581,1
3431,0.7263744882836782,3,39022,325,0
7528,0.7589217194747319,3,44294,688,1
35278,0.8990271898706247,2,93943,382,1
9652,0.7454097882827014,4,62324,842,1
29542,0.7014587326996282,3,34336,546,0
30265,0.8456513464970442,4,87072,839,1
46504,0.6413302523841387,1,81977,689,1
45107,0.6920084068315516,3,60630,300,1
24026,0.5425651859149905,1,33597,634,1
49330,0.8069607456313501,2,74438,498,1
25033,0.9742964242241303,2,86625,497,1
25415,0.899213188543825,3,41210,303,0
11084,0.9465351020375039,0,80916,399,1
49384,0.6302876175290899,1,57267,332,1
35966,0.9315423807060411,3,77380,732,1
33818,0.6968035622454456,0,92945,708,1
1361,0.6172624882666022,4,41013,363,1
43127,0.9855800264285387,4,29526,756,1
33511,0.6213398747368851,0,37564,552,1
12912,0.7474620472865217,0,83596,468,1
39630,0.6165663619347796,0,57239,693,1
21713,0.5359137094692645,0,73577,812,1
7008,0.7263589660058059,4,31393,323,1
10485,0.677220405651177,2,21802,647,1
49596,0.7769053445462344,0,44388,818,1
48767,0.5329457018310177,0,86253,606,0
27155,0.9225718806510685,0,38400,628,1
25998,0.7716085208659411,4,49881,457,1
13057,0.5812312651459279,1,92014,382,1
30961,0.6725903506081163,0,83847,733,0
27653,0.6332894945941154,4,79933,417,1
48689,0.8563183132680781,0,60797,792,0
33287,0.6960548720895892,0,64725,423,1
25056,0.6311688670405398,3,88557,814,1
10209,0.827380680208228,4,95524,741,1
8891,0.6260975435255456,2,76643,833,1
8957,0.5627025838117881,3,64810,638,1
5037,0.7495837286996685,4,94320,507,1
23672,0.9832264897917546,2,77201,740,0
39888,0.8444346572257402,3,99012,428,1
5378,0.8505352735483498,3,99619,797,0
2281,0.9477537111604328,4,51672,397,1
10646,0.5972480164781484,2,89501,378,1
29517,0.7481197054775306,4,99743,712,0
47069,0.6262402832961673,2,55618,385,0
20030,0.8334808809241505,3,59697,542,1
2572,0.5860630796310935,4,32324,749,1
13954,0.7925895097482495,2,34456,775,1
1687,0.98689273438969,1,90587,580,0
49466,0.8117242753368252,3,29918,421,1
42787,0.8517886521451908,4,46396,521,0
15718,0.9321197393126239,3,99042,727,1
3106,0.8502498745713241,2,60173,362,1
14530,0.6264888483159553,4,24540,518,0
21470,0.7142729303087083,4,56305,407,1
45182,0.7166239336568394,0,43538,680,1
31962,0.9388629453620805,1,21826,783,0
40857,0.6030012647505951,1,91622,600,0
2231,0.8309580281526845,2,89983,608,1
30576,0.5456062255956227,1,41571,549,1
49844,0.6511733824054214,1,66417,664,0
47162,0.7036528835242831,3,24098,700,1
7179,0.6179139173555106,3,22965,579,1
16892,0.8598102363312419,1,35987,495,1
27792,0.8045044485201891,2,71331,378,1
16519,0.6269930434057666,4,44110,464,1
30929,0.8429841173923766,3,70777,475,1
34070,0.5542718540656314,3,86513,693,1
44514,0.8645827259470518,1,32385,457,1
26330,0.5047673391641461,0,60762,592,1
44450,0.7185182771738866,4,69141,403,0
46703,0.5811068963000747,2,94133,633,1
36740,0.9583669193109633,0,41719,497,1
21762,0.9484750535043281,1,98203,833,0
32720,0.8496261160699774,1,65270,727,1
1325,0.7575021935758248,1,47016,646,1
32398,0.6785413872567447,4,73270,556,1
28227,0.5593405183479265,3,54796,484,1
10070,0.6437480063634348,0,38854,302,1
29040,0.7803936256228275,4,68175,722,1
25139,0.5957226380847127,0,71083,724,0
43249,0.9734537419055229,3,39752,385,1
15297,0.7002256490454373,2,96170,725,1
5524,0.6566594966393334,2,26704,563,1
32497,0.5291735284375233,3,22566,616,1
4553,0.7267569884826245,2,27035,787,1
33619,0.9751097930062644,2,54085,745,1
4990,0.9247114511731553,1,43383,846,0
17450,0.9604138822586961,4,86879,721,1
30296,0.9021980860573597,0,82470,841,1
6200,0.5854752922310844,1,38937,432,1
